PN,Producto,Categoria,Stock,Precio,Imagen,FechaActualizacion,Brand,spec 1,spec 2,spec 3,spec 4
PT-H110VP,Rotuladora Portátil Brother PT-H110VP,Rotuladoras,15,45.00,img/mockup_keyboard.png,2026-07-07,Brother,⚡ Velocidad: 20 mm/seg,📏 Ancho máximo: 12 mm,✂️ Cortador: Manual,🔢 Símbolos: 250+ integrados
PT-E110VP,Rotuladora Industrial Brother PT-E110VP,Rotuladoras,20,65.00,img/mockup_keyboard.png,2026-07-07,Brother,⚡ Velocidad: 20 mm/seg,📏 Ancho máximo: 12 mm,💼 Incluye: Maletín y Adaptador CA,🔢 Símbolos: 200+ eléctricos y datacom
PT-E300VP,Rotuladora Industrial Brother PT-E300VP (Maletín + Batería),Rotuladoras,10,145.00,img/mockup_keyboard.png,2026-07-07,Brother,⚡ Velocidad: 20 mm/seg,📏 Ancho máximo: 18 mm,🔋 Alimentación: Batería Li-ion y Adaptador CA,🔥 Compatibilidad: Tubo Termocontraíble HSe
PT-E550WVP,Rotuladora Industrial Brother PT-E550WVP WiFi USB,Rotuladoras,8,270.00,img/mockup_keyboard.png,2026-07-07,Brother,⚡ Velocidad: 30 mm/seg,📏 Ancho máximo: 24 mm,🌐 Conexión: USB y WiFi para PC/Móvil,✂️ Cortador: Automático con semicorte
PT-P900W,Rotuladora Industrial de Escritorio Brother PT-P900W WiFi,Rotuladoras,5,480.00,img/mockup_keyboard.png,2026-07-07,Brother,⚡ Velocidad: 60 mm/seg,📏 Ancho máximo: 36 mm (360 dpi),🌐 Conexión: USB y WiFi (Batería Opcional),✂️ Cortador: Automático con semicorte
TZE-211,Cinta Brother TZe-211 Negro/Blanco 6mm,Cintas & Suministros,30,18.00,img/mockup_cable.png,2026-07-07,Brother,📏 Ancho: 6 mm,🎨 Color: Negro sobre Blanco,🏷️ Tipo: Laminada Estándar (8m),"🛡️ Resistencia: Agua, Luz Solar, Abrasión"
TZE-221,Cinta Brother TZe-221 Negro/Blanco 9mm,Cintas & Suministros,45,19.50,img/mockup_cable.png,2026-07-07,Brother,📏 Ancho: 9 mm,🎨 Color: Negro sobre Blanco,🏷️ Tipo: Laminada Estándar (8m),"🛡️ Resistencia: Agua, Luz Solar, Abrasión"
TZE-231,Cinta Brother TZe-231 Negro/Blanco 12mm,Cintas & Suministros,80,22.00,img/mockup_cable.png,2026-07-07,Brother,📏 Ancho: 12 mm,🎨 Color: Negro sobre Blanco,🏷️ Tipo: Laminada Estándar (8m),"🛡️ Resistencia: Agua, Luz Solar, Abrasión"
TZE-241,Cinta Brother TZe-241 Negro/Blanco 18mm,Cintas & Suministros,40,26.00,img/mockup_cable.png,2026-07-07,Brother,📏 Ancho: 18 mm,🎨 Color: Negro sobre Blanco,🏷️ Tipo: Laminada Estándar (8m),"🛡️ Resistencia: Agua, Luz Solar, Abrasión"
TZE-251,Cinta Brother TZe-251 Negro/Blanco 24mm,Cintas & Suministros,35,32.00,img/mockup_cable.png,2026-07-07,Brother,📏 Ancho: 24 mm,🎨 Color: Negro sobre Blanco,🏷️ Tipo: Laminada Estándar (8m),"🛡️ Resistencia: Agua, Luz Solar, Abrasión"
TZE-621,Cinta Brother TZe-621 Negro/Amarillo 9mm,Cintas & Suministros,25,21.00,img/mockup_cable.png,2026-07-07,Brother,📏 Ancho: 9 mm,🎨 Color: Negro sobre Amarillo,🏷️ Tipo: Laminada Estándar (8m),🛡️ Resistencia: Alta Visibilidad
TZE-631,Cinta Brother TZe-631 Negro/Amarillo 12mm,Cintas & Suministros,50,23.00,img/mockup_cable.png,2026-07-07,Brother,📏 Ancho: 12 mm,🎨 Color: Negro sobre Amarillo,🏷️ Tipo: Laminada Estándar (8m),🛡️ Resistencia: Alta Visibilidad
TZE-641,Cinta Brother TZe-641 Negro/Amarillo 18mm,Cintas & Suministros,30,27.50,img/mockup_cable.png,2026-07-07,Brother,📏 Ancho: 18 mm,🎨 Color: Negro sobre Amarillo,🏷️ Tipo: Laminada Estándar (8m),🛡️ Resistencia: Alta Visibilidad
TZE-S221,Cinta Brother TZe-S221 Adhesivo Fuerte 9mm,Cintas & Suministros,20,24.00,img/mockup_cable.png,2026-07-07,Brother,📏 Ancho: 9 mm,🎨 Color: Negro sobre Blanco,🏷️ Tipo: Adhesivo Fuerte (8m),🛡️ Resistencia: Superficies rugosas y texturadas
TZE-S231,Cinta Brother TZe-S231 Adhesivo Fuerte 12mm,Cintas & Suministros,40,26.50,img/mockup_cable.png,2026-07-07,Brother,📏 Ancho: 12 mm,🎨 Color: Negro sobre Blanco,🏷️ Tipo: Adhesivo Fuerte (8m),🛡️ Resistencia: Superficies rugosas y texturadas
TZE-FX231,Cinta Brother TZe-FX231 Flexible ID 12mm,Cintas & Suministros,35,26.00,img/mockup_cable.png,2026-07-07,Brother,📏 Ancho: 12 mm,🎨 Color: Negro sobre Blanco,🏷️ Tipo: Flexible (8m) para Cables,🛡️ Resistencia: Envolturas de cable estrechas
TZE-FX241,Cinta Brother TZe-FX241 Flexible ID 18mm,Cintas & Suministros,20,29.50,img/mockup_cable.png,2026-07-07,Brother,📏 Ancho: 18 mm,🎨 Color: Negro sobre Blanco,🏷️ Tipo: Flexible (8m) para Cables,🛡️ Resistencia: Envolturas de cable estrechas
HSE-211E,Tubo Termocontraíble Brother HSe-211E 5.8mm,Cintas & Suministros,15,36.00,img/mockup_cable.png,2026-07-07,Brother,📏 Ancho: 5.8 mm (1.5m),🎨 Color: Negro sobre Blanco,🔌 Rango Cable: 18 a 22 AWG,🔥 Retráctil: 2:1 al aplicar calor
HSE-221E,Tubo Termocontraíble Brother HSe-221E 8.8mm,Cintas & Suministros,20,39.00,img/mockup_cable.png,2026-07-07,Brother,📏 Ancho: 8.8 mm (1.5m),🎨 Color: Negro sobre Blanco,🔌 Rango Cable: 12 a 18 AWG,🔥 Retráctil: 2:1 al aplicar calor
HSE-231E,Tubo Termocontraíble Brother HSe-231E 11.2mm,Cintas & Suministros,25,42.00,img/mockup_cable.png,2026-07-07,Brother,📏 Ancho: 11.2 mm (1.5m),🎨 Color: Negro sobre Blanco,🔌 Rango Cable: 2.1 a 7 AWG,🔥 Retráctil: 2:1 al aplicar calor
