PN,Producto,Categoria,Stock,Precio,Imagen,FechaActualizacion
63D4GAR1CL,Lenovo T34w-40 Monitor Display,Monitores,15,450.00,img/mockup_monitor.png,2026-05-04
64A4MARXCL,Lenovo T24-40 Monitor Display,Monitores,30,150.00,img/mockup_monitor.png,2026-05-04
9E0Z2UT,HP 534pm Monitor Display,Monitores,12,320.00,img/mockup_monitor.png,2026-05-04
7A1X0AA#ABM,HP 524pm Monitor Display,Monitores,25,180.00,img/mockup_monitor.png,2026-05-04
920-008673,Logitech MK540 Keyboard and Mouse set wireless,Periféricos,50,45.00,img/mockup_keyboard.png,2026-05-04
920-007123,Logitech Wireless Touch Keyboard K400 Plus,Periféricos,20,35.00,img/mockup_keyboard.png,2026-05-04
32CE9AA#ABM,HP Keyboard USB,Periféricos,100,15.00,img/mockup_keyboard.png,2026-05-04
N3R87AA#ABM,HP Business Slim Keyboard USB,Periféricos,80,25.00,img/mockup_keyboard.png,2026-05-04
920-004422,Logitech K120 Keyboard USB,Periféricos,120,12.00,img/mockup_keyboard.png,2026-05-04
4Y50R20863,Lenovo Essential USB Mouse,Periféricos,150,10.00,img/mockup_keyboard.png,2026-05-04
910-001601,Logitech M100 Mouse USB,Periféricos,200,9.00,img/mockup_keyboard.png,2026-05-04
910-002201,Logitech M235 Mouse Wireless,Periféricos,60,18.00,img/mockup_keyboard.png,2026-05-04
910-001935,Logitech M705 Mouse Wireless,Periféricos,45,35.00,img/mockup_keyboard.png,2026-05-04
4Y50X88822,Lenovo ThinkPad Silent Mouse Wireless,Periféricos,30,22.00,img/mockup_keyboard.png,2026-05-04
Genérico,Mouse Pad,Periféricos,300,5.00,img/mockup_keyboard.png,2026-05-04
40AY0090CL,Lenovo ThinkPad Universal USB-C Dock,Docks & Adaptadores,25,180.00,img/mockup_cable.png,2026-05-04
40B00300CL,Lenovo Thunderbolt 4 Workstation Dock,Docks & Adaptadores,10,250.00,img/mockup_cable.png,2026-05-04
4X20M262xx*,Lenovo Power adapters 65W USB-C,Docks & Adaptadores,80,45.00,img/mockup_cable.png,2026-05-04
1HE08AA#ABM,HP Smart AC Adapter 65W USB-C,Docks & Adaptadores,60,40.00,img/mockup_cable.png,2026-05-04
Genérico,Power cables for desktop PCs (with local plug),Cables & Red,200,5.00,img/mockup_cable.png,2026-05-04
MTJV3AM/A,Apple Earpods USB-C,Audio,50,19.00,img/mockup_apple.png,2026-05-04
MMTN2AM/A,Apple Earpods Lightning,Audio,40,19.00,img/mockup_apple.png,2026-05-04
MXP83AM/A,Apple AirPods 4,Audio,30,179.00,img/mockup_apple.png,2026-05-04
MME73AM/A,Apple AirPods 3,Audio,25,169.00,img/mockup_apple.png,2026-05-04
MUQ93AM/A,Apple USB-C to Lightning Cable 1m,Cables & Red,100,19.00,img/mockup_cable.png,2026-05-04
MXLY2AM/A,Apple Lightning Cable 1m,Cables & Red,120,19.00,img/mockup_cable.png,2026-05-04
MQKJ3AM/A,Apple USB-C Cable 1m,Cables & Red,150,19.00,img/mockup_cable.png,2026-05-04
MHJA3AM/A,Apple 20W USB-C Power Adapter,Docks & Adaptadores,80,19.00,img/mockup_cable.png,2026-05-04
Genérico,Silicone cover for iPhone 16,Accesorios Móvil,40,49.00,img/mockup_cable.png,2026-05-04
Genérico,Silicone cover for iPhone 16e,Accesorios Móvil,35,49.00,img/mockup_cable.png,2026-05-04
Genérico,Tempered glass protector for iPhone 16,Accesorios Móvil,100,25.00,img/mockup_cable.png,2026-05-04
Genérico,Tempered glass protector for iPhone 16e,Accesorios Móvil,90,25.00,img/mockup_cable.png,2026-05-04
Genérico,Privacy screen protector for iPhone 16,Accesorios Móvil,50,35.00,img/mockup_cable.png,2026-05-04
Genérico,Privacy screen protector for iPhone 16e,Accesorios Móvil,45,35.00,img/mockup_cable.png,2026-05-04
80S11AA,HP Poly Blackwire 3225 USB-C headset,Audio,80,45.00,img/mockup_headset.png,2026-05-04
77Y87AA,HP Poly Voyager Focus 2 Wireless headset with stand,Audio,20,199.00,img/mockup_headset.png,2026-05-04
77Y86AA,HP Poly Voyager Focus 2 Wireless headset w/o stand,Audio,30,179.00,img/mockup_headset.png,2026-05-04
845D5AA,HP Poly Charging Stand for Focus 2,Audio,15,40.00,img/mockup_headset.png,2026-05-04
8G7T9AA,HP Poly Voyager Surround 80-M UC Wireless headset,Audio,10,250.00,img/mockup_headset.png,2026-05-04
7K2E3AA,HP Poly Voyager 5200 Wireless headset,Audio,25,119.00,img/mockup_headset.png,2026-05-04
1001150,EPOS IMPACT 460T USB-C headset,Audio,40,89.00,img/mockup_headset.png,2026-05-04
1001170,EPOS IMPACT 860T USB-C headset,Audio,25,129.00,img/mockup_headset.png,2026-05-04
1001130,EPOS IMPACT 1060T Wireless headset,Audio,15,189.00,img/mockup_headset.png,2026-05-04
Genérico,CAT6 RJ45 cable 1m,Cables & Red,200,6.00,img/mockup_cable.png,2026-05-04
Genérico,CAT6 RJ45 cable 2m,Cables & Red,150,8.00,img/mockup_cable.png,2026-05-04
Genérico,CAT6 RJ45 cable 5m,Cables & Red,100,12.00,img/mockup_cable.png,2026-05-04
Genérico,CAT6 RJ45 cable 10m,Cables & Red,50,18.00,img/mockup_cable.png,2026-05-04
TSB966GL,Targus 15.6" Professional backpack,Mochilas,30,55.00,img/mockup_backpack.png,2026-05-04
4X40Q26383,Lenovo 15.6" Professional backpack,Mochilas,40,60.00,img/mockup_backpack.png,2026-05-04
1E7D6AA,HP 15.6" Professional backpack,Mochilas,35,58.00,img/mockup_backpack.png,2026-05-04
Genérico,15.6" Professional backpack,Mochilas,50,45.00,img/mockup_backpack.png,2026-05-04
4XC1D66055,Lenovo Performance FHD webcam,Periféricos,20,70.00,img/mockup_keyboard.png,2026-05-04
910-005386,Logitech R500 Presenter,Periféricos,15,45.00,img/mockup_keyboard.png,2026-05-04
MU8F2AM/A,Apple Pencil 2nd Generation,Periféricos,20,129.00,img/mockup_apple.png,2026-05-04
4X90S91831,USB-A to RJ45 Network adapter,Docks & Adaptadores,40,20.00,img/mockup_cable.png,2026-05-04
4X90S91852,USB-C to RJ45 Network adapter,Docks & Adaptadores,60,25.00,img/mockup_cable.png,2026-05-04
4XJ1D33268,Privacy Filter 14" 16:10 for Lenovo ThinkPad T14,Periféricos,30,45.00,img/mockup_monitor.png,2026-05-04
4XJ0W15286,Privacy Filter 15.6" 16:09 for Lenovo ThinkPad P15,Periféricos,25,50.00,img/mockup_monitor.png,2026-05-04
4XJ1K97384,Privacy Filter 16" 16:10 for Lenovo ThinkPad P16,Periféricos,20,55.00,img/mockup_monitor.png,2026-05-04
4XJ1A32190,Privacy Filter 13.3" 16:10 for Lenovo ThinkPad X13,Periféricos,15,40.00,img/mockup_monitor.png,2026-05-04
5060408461426,Yubico - USB security key - NFC - black,Periféricos,40,45.00,img/mockup_cable.png,2026-05-04
